지점명,주소,전화번호,위도,경도
KBS,서울특별시 영등포구 여의공원로 13,02-780-1146,37.524704259313,126.916498234361
가락동금융센터,서울특별시 송파구 송파대로 268,02-407-9500,37.493720009567,127.118338257674
가산디지털금융센터,서울특별시 금천구 디지털로 130,02-2026-1000,37.475449528829,126.881889424527
가양역금융센터,서울특별시 강서구 화곡로 416,02-3662-5761,37.560233572823,126.855487802156
가좌동,인천광역시 서구 원적로 78,032-577-8258,37.493422348690,126.681706620028
간석동(점),인천광역시 남동구 남동대로 880,032-439-4387,37.460960499421,126.708858843546
강남구청,서울특별시 강남구 학동로 426,02-516-9072,37.517563110537,127.047468848219
강남구청역,서울특별시 강남구 학동로 402,02-545-5503,37.517090015161,127.041655294597
강남중앙금융센터,서울특별시 강남구 테헤란로 147,02-552-4173,37.500842192612,127.035667958351
강동구청역,서울특별시 강동구 강동대로 143-64,02-479-0177,37.528085556487,127.120109871065
강동금융센터,서울특별시 강동구 올림픽로 674,02-475-2988,37.541458746746,127.124830254864
강북구청,서울특별시 강북구 덕릉로 138,02-6023-8910,37.634729983742,127.029214532145
강북금융센터,서울특별시 강북구 도봉로 364,02-900-8541,37.639717970195,127.027856916771
개롱역,"서울특별시 송파구 오금로 396,(에스케이허브파크)",02-407-8100,37.497987689254,127.133917332259
개봉동,서울특별시 구로구 경인로 323,02-2613-2710,37.497566259518,126.856105986166
개포동,서울특별시 강남구 개포로 307,02-571-1366,37.483993600926,127.056211192598
갤러리아팰리스,서울특별시 송파구 올림픽로 212,02-2144-6161,37.511188597901,127.094068944909
건국대학교,서울특별시 광진구 능동로 120,02-453-0583,37.541865284468,127.077092878315
검단,인천광역시 서구 완정로 20,032-564-6926,37.595276812181,126.671870252113
검단산업단지금융센터,인천광역시 서구 보듬5로 5,032-569-5821,37.594186075752,126.612334182585
검단신도시,인천광역시 서구 이음대로 392,031-983-4362,37.592600033555,126.712723144522
경기광주금융센터,경기도 광주시 광주대로 30,031-761-8771,37.409546541083,127.261233909299
경제자유구역청,인천광역시 연수구 아트센터대로 175,032-851-1090,37.396701683961,126.634077947335
계산동,인천광역시 계양구 계양대로 178,032-551-0505,37.539678743883,126.723014452670
계양구청,인천광역시 계양구 계산새로 88,032-548-0091,37.537458427130,126.737763353365
고덕동,서울특별시 강동구 고덕로 353,02-427-5700,37.557189339679,127.164412618237
고양법원,경기도 고양시 일산동구 장백로 209,031-907-1389,37.652945123194,126.774788074466
공기업영업부,서울특별시 중구 세종대로9길 20,02-6264-3001,37.561112030180,126.974571006686
공덕금융센터,서울특별시 마포구 백범로 192,02-3273-6721,37.543223935498,126.951592685973
공항동,서울특별시 강서구 공항대로 17,02-2662-0051,37.561757584383,126.809391609850
과천,경기도 과천시 별양상가1로 10,02-507-5050,37.426976058263,126.992000041179
관양동,경기도 안양시 동안구 관평로 312,031-387-6200,37.403946493089,126.957603510497
광교상현금융센터,경기도 용인시 수지구 광교중앙로 316,031-212-6436,37.298260954430,127.069750028112
광교영업부,서울특별시 중구 청계천로 54,02-2010-2100,37.568181992991,126.983512341763
광교중앙금융센터,경기도 수원시 영통구 도청로66번길 6힐스테이트광교중앙역퍼스트2F,031-213-3041,37.289153204965,127.051751089686
광명,경기도 광명시 광명로 906,02-2614-5600,37.479739870036,126.854890444442
광장동,서울특별시 광진구 아차산로 506,02-455-0430,37.541486677269,127.097719468188
광화문,서울특별시 중구 세종대로 135-5,02-735-7241,37.568601427989,126.976420787736
교대역,서울특별시 서초구 서초대로 314,02-593-3600,37.494038708728,127.015901917805
구로구청,서울특별시 구로구 가마산로 245,02-864-5300,37.494983011253,126.887294248394
구로디지털금융센터,서울특별시 구로구 디지털로 272,02-2108-6400,37.482490975969,126.894431516356
구로역금융센터,서울특별시 구로구 경인로 557,02-2633-2111,37.503105914550,126.878991437559
구리금융센터,경기도 구리시 경춘로 229,031-566-5315,37.601141518022,127.140708173945
구성,경기도 용인시 기흥구 구성로 102,031-286-5522,37.293450668466,127.120751342811
구월로데오,인천광역시 남동구 인하로489번길 4,032-427-7052,37.443630355395,126.701241111425
구파발역금융센터,서울특별시 은평구 진관2로 15-8,02-353-6336,37.635404287611,126.919577826871
국립암센터,경기도 고양시 일산동구 일산로 323,031-902-0212,37.664046193489,126.783104295805
군인공제회관,서울특별시 강남구 남부순환로 2806,02-579-0092,37.489091839294,127.052900624575
군자역,서울특별시 광진구 천호대로 553,02-444-4401,37.557378545131,127.079892347997
군포,경기도 군포시 고산로 251,031-393-5400,37.345916275381,126.944077826807
군포IT밸리금융센터,경기도 군포시 고산로 148번길 17,031-8086-8100,37.349575860269,126.953749587327
금정역금융센터,경기도 안양시 동안구 엘에스로 112,031-392-0151,37.372243485886,126.949429019996
기흥역금융센터,경기도 용인시 기흥구 신구로12번길 32,031-282-5600,37.274621484216,127.112690664898
길동,서울특별시 강동구 양재대로 1463,02-482-1531,37.536600170956,127.139207030685
길음동,서울특별시 성북구 동소문로 229,02-918-8601,37.602614205401,127.022234466568
김포공항,서울특별시 강서구 하늘길 112,02-2662-1342,37.559059847261,126.802793026220
김포금융센터,경기도 김포시 김포대로 847,031-983-8620,37.619685863899,126.719644328517
김포장기,경기도 김포시 김포한강4로 117,031-983-9036,37.644273435504,126.668118761345
김포한강금융센터,경기도 김포시 김포한강9로 73,031-985-4930,37.643352294490,126.625498587199
난곡,서울특별시 관악구 난우길 2,02-852-8233,37.473194279948,126.918821498615
남가좌동,서울특별시 서대문구 수색로 56,02-373-2785,37.570904288896,126.912253833650
남대문,서울특별시 중구 소월로 3,02-774-9866,37.559370614228,126.976191007284
남동구청,인천광역시 남동구 소래로 633,032-463-0330,37.447102324651,126.731411795270
남동금융센터,인천광역시 남동구 논현로46번길 51,032-437-3131,37.400797879604,126.709277121026
남동산단,인천광역시 남동구 남동대로 217,032-816-7337,37.404871454677,126.697155810301
남동중앙금융센터,인천광역시 남동구 은청로 18,032-817-5900,37.406576402300,126.694708303995
남부법원,서울특별시 양천구 신월로 386,02-2649-4721,37.521899203384,126.863773286280
남양금융센터,경기도 화성시 남양로 829,031-8043-5795,37.209869730436,126.832401476420
네이버,경기도 성남시 분당구 정자일로 95,031-719-5617,37.358849567690,127.105200632501
노원역,서울특별시 노원구 동일로 1404,02-935-6691,37.654024261877,127.061073639280
논현동금융센터,서울특별시 강남구 강남대로 468,02-554-2300,37.503703440503,127.025320604950
다산,경기도 남양주시 도농로 32,031-556-2360,37.609409995070,127.160020016519
답십리,서울특별시 동대문구 전농로 22,02-2213-9985,37.566649953973,127.056751715289
당산동,서울특별시 영등포구 영등포로 109,02-2671-5300,37.522079261976,126.894598304583
당산역금융센터,서울특별시 영등포구 선유로 258,02-6295-0024,37.535354170036,126.897739460323
대림동,서울특별시 영등포구 시흥대로 617,02-832-5041,37.487481888759,126.904560211707
대치동,서울특별시 강남구 삼성로 238,02-555-5102,37.498650941936,127.061362473213
대치역,서울특별시 강남구 삼성로 150,02-558-4921,37.493562695326,127.067455695706
대학로금융센터,서울특별시 종로구 대학로 146,02-3673-0066,37.584242434550,127.002032849914
대흥역,서울특별시 마포구 백범로 88,02-714-3054,37.548050752144,126.941040479338
덕소,경기도 남양주시 덕소로97번길 9,031-576-0320,37.586143358656,127.213269653720
도곡,서울특별시 강남구 역삼로 310,02-553-0935,37.499197104679,127.048428202687
도곡역,서울특별시 강남구 남부순환로 2912,02-553-5500,37.490833890140,127.055933173290
독산동,서울특별시 금천구 시흥대로 446,02-868-5500,37.473265322947,126.898792180601
독산동외국인중심영업점,서울특별시 금천구 시흥대로 446,02-6294-0011,37.473301490868,126.898814509489
돈암동,서울특별시 성북구 동소문로 89,02-927-6616,37.592643684318,127.015195938964
돌곶이역,서울특별시 성북구 화랑로 254,02-915-3501,37.610747755814,127.057804426235
동국대학교,서울특별시 중구 필동로1길 30,02-2265-1954,37.558150342632,127.000349709328
동대문,서울특별시 중구 마장로 11,02-2231-5151,37.568481212630,127.011457227137
동부법원,서울특별시 송파구 법원로 101,02-447-2514,37.483513236664,127.120098134891
동부이촌동,서울특별시 용산구 이촌로 293,02-796-2942,37.518417890715,126.979283816473
동탄,경기도 화성시 동탄반석로 196,031-613-0280,37.206084785302,127.072448855807
동탄솔빛나루,경기도 화성시 동탄솔빛로 44,031-613-9333,37.192872152301,127.072996599774
동탄역금융센터,경기도 화성시 동탄대로 537,031-8031-2560,37.202216793161,127.097915645969
동탄호수공원,경기도 화성시 동탄대로 181,031-8050-5002,37.171430949827,127.105141506548
둔촌동,서울특별시 강동구 양재대로 1315,02-487-1965,37.523920306207,127.134073580989
등촌역,서울특별시 강서구 등촌로 229,02-3662-9500,37.550182655568,126.863623510544
디지털중앙금융센터,서울특별시 금천구 가산디지털1로 186,02-863-0027,37.481812592573,126.881791767805
뚝섬역,서울특별시 성동구 아차산로 33,02-3409-0011,37.547202944965,127.048331214758
루원시티,인천광역시 서구 봉오대로 255,032-563-8096,37.525077018013,126.677750858760
마곡역금융센터,서울특별시 강서구 공항대로 195,02-6023-7600,37.559915305122,126.829098152648
마두역,경기도 고양시 일산동구 중앙로 1161,031-932-0082,37.650514522278,126.778212526853
마들역,서울특별시 노원구 동일로 1546,02-938-4988,37.666503787218,127.057598570141
마포,서울특별시 마포구 마포대로 136,02-3274-2100,37.546377358694,126.953256318270
마포중앙,서울특별시 마포구 마포대로 68,02-701-5800,37.541327795889,126.948946470297
만수동,인천광역시 남동구 담방로 45,032-463-0155,37.443615785504,126.738637268463
명동금융센터,서울특별시 중구 명동길 43,02-754-7474,37.564005162591,126.984752745184
명일역,서울특별시 강동구 구천면로 427,02-3426-8092,37.550457116223,127.146193261851
목동,서울특별시 양천구 목동서로 349,02-2650-8800,37.517400699577,126.865305185001
목동역,서울특별시 양천구 목동로 212,02-2648-7501,37.526328631612,126.866157567017
목동중앙,서울특별시 양천구 목동동로 411,02-2649-0050,37.536725119313,126.882210268468
목동현대금융센터,서울특별시 양천구 목동동로 293,02-2647-9422,37.528136760945,126.875637698411
무역센터금융센터,서울특별시 강남구 영동대로 513,02-6000-2600,37.511856826057,127.059203206239
문정역금융센터,서울특별시 송파구 송파대로 167,02-409-5100,37.484842794155,127.121516605875
미금역금융센터,경기도 성남시 분당구 돌마로 73,031-713-6631,37.350374229619,127.109930752586
미사금융센터,경기도 하남시 미사강변동로 70,031-794-1361,37.561343915808,127.194025518571
미아동,서울특별시 강북구 도봉로 151,02-983-1631,37.622302278298,127.027400489669
미추홀구청,인천광역시 미추홀구 독정이로 95,032-889-7200,37.463501280686,126.650292206328
민락동,경기도 의정부시 천보로 38,031-853-1770,37.744041616336,127.096841333783
반월공단금융센터,경기도 안산시 단원구 별망로 453,031-310-8888,37.304036159832,126.775444096725
반월금융센터,경기도 안산시 단원구 동산로 60,031-492-2900,37.312891800959,126.797049177114
반월서금융센터,경기도 안산시 단원구 성곡로 176,031-493-5490,37.323952912576,126.760286618206
반포남금융센터,서울특별시 서초구 서초중앙로 238,02-594-4611,37.502882111749,127.011783164725
반포래미안,서울특별시 서초구 반포대로 287,02-3477-1790,37.504342617482,127.001070578844
반포서래,서울특별시 서초구 서래로 23,02-593-5800,37.497083015463,126.998075702278
반포중앙,서울특별시 서초구 잠원로3길 40,02-535-2160,37.508202218889,127.003635937894
방배금융센터,서울특별시 서초구 방배로 148,02-581-2241,37.487241745717,126.994216481454
방학동,서울특별시 도봉구 방학로 136,02-3492-0131,37.663107042694,127.036801968610
방화역,서울특별시 강서구 금낭화로 135,02-2661-5005,37.577431576050,126.812429187865
백궁,경기도 성남시 분당구 정자일로213번길 5,031-785-9800,37.368990048473,127.105181382778
법조타운,서울특별시 서초구 법원로 15,02-536-9501,37.494158577420,127.009996019419
법조타운법원(점),서울특별시 서초구 서초중앙로 157,02-536-7927,37.497663622650,127.011873706221
별내금융센터,경기도 남양주시 별내중앙로 24,031-573-6053,37.645433553893,127.126212268366
병점금융센터,경기도 화성시 병점2로 6,031-226-0029,37.204916780630,127.037475851950
보라매,서울특별시 동작구 보라매로5가길 24,02-847-0117,37.490552319010,126.923913136589
보라매역금융센터,서울특별시 동작구 상도로 1,02-812-1559,37.500180968848,126.920671426767
봉담금융센터,경기도 화성시 봉담읍 동화길 93-2,031-297-9315,37.216239613011,126.959029190518
봉은사로,서울특별시 강남구 봉은사로 609,02-3442-6100,37.514759720960,127.061766096263
부천금융센터,경기도 부천시 원미구 부천로 160,032-611-1311,37.498498979501,126.786273812511
부천법원,경기도 부천시 원미구 상일로 129,032-321-4152,37.491895528295,126.757581484502
부천상동,경기도 부천시 원미구 송내대로265번길 73,032-327-6611,37.507280273920,126.754521357364
부천송내,경기도 부천시 소사구 중동로 48,032-666-8900,37.484392816001,126.764227361029
부천시청역,경기도 부천시 길주로 205,032-324-0995,37.504941733272,126.765383411403
부천역,경기도 부천시 부일로 464,032-665-4881,37.485762717252,126.781780066769
부천옥길,경기도 부천시 소사구 옥길로 118,032-344-3999,37.467311552675,126.822915436101
부천위브더스테이트,경기도 부천시 원미구 신흥로 170,032-621-8500,37.498682579751,126.777923029249
부천테크노파크금융센터,경기도 부천시 원미구 송내대로 388,032-328-6070,37.516939013511,126.762550022849
부평구청,인천광역시 부평구 부평대로 168,032-508-2121,37.506790218895,126.721861988471
부평금융센터,인천광역시 부평구 부흥로 337,032-504-2030,37.498530215484,126.729550045327
부평중앙,인천광역시 부평구 부평대로 21,032-527-7500,37.493327354743,126.722352368869
분당,경기도 성남시 분당구 내정로165번길 6,031-711-5300,37.374037567405,127.118855124947
분당서울대학교병원,경기도 성남시 분당구 구미로173번길 82,031-712-4581,37.350421252215,127.124461944195
분당시범단지,경기도 성남시 분당구 중앙공원로40번길 42,031-701-0355,37.378263442896,127.132591186978
분당중앙금융센터,경기도 성남시 분당구 황새울로 262,031-713-1359,37.381340593853,127.116638121402
불광동,서울특별시 은평구 통일로 730,02-389-3101,37.610813002190,126.930090725263
사가정역,서울특별시 중랑구 면목로 342,02-492-3690,37.582385921225,127.088687971538
사당,서울특별시 동작구 동작대로 35,02-3486-5200,37.479614549184,126.981351538148
산곡중앙,인천광역시 부평구 원적로 434,032-511-9611,37.503308266230,126.714634726285
산본,경기도 군포시 광정로 72,031-392-2294,37.359613026853,126.929940563869
삼성서울병원,서울특별시 강남구 일원로 81,02-2226-3347,37.488655604621,127.086566822576
삼성역금융센터,서울특별시 강남구 테헤란로 516,02-561-5559,37.507461247092,127.060021070775
상도역,서울특별시 동작구 상도로 241,02-816-0071,37.505311607427,126.945488956702
상록수,경기도 안산시 상록구 반석로 54,031-407-4922,37.296469532767,126.865812299945
상봉역,서울특별시 중랑구 면목로 460,02-496-5037,37.593059438351,127.086556304101
상암동금융센터,서울특별시 마포구 월드컵북로 361,02-6393-2000,37.577099009325,126.891401152395
서교동,서울특별시 마포구 양화로 111,02-333-4126,37.553794043552,126.918988649910
서대문역,서울특별시 서대문구 충정로 77,02-313-4912,37.565526186944,126.965990939136
서부법원,서울특별시 마포구 마포대로 174,02-719-4415,37.549380980517,126.955668353840
서소문,서울특별시 중구 서소문로 116,02-753-0202,37.562731984686,126.974016133202
서여의도금융센터,서울특별시 영등포구 국회대로70길 19,02-780-0066,37.529214316014,126.920831753110
서울대역센터,서울특별시 관악구 남부순환로 1778,02-874-1021,37.481443869047,126.947452457335
서울대학교,서울특별시 관악구 관악로 1,02-871-7411,37.459151042635,126.950850387102
서울대학교병원,서울특별시 종로구 대학로 101,02-745-0601,37.578963864239,126.998557160239
서울시청금융센터,서울특별시 중구 세종대로 110,02-6023-8530,37.566508775708,126.978111301028
서잠실,서울특별시 송파구 올림픽로 106,02-416-8200,37.511373746419,127.082537827012
서초구청,서울특별시 서초구 남부순환로 2584,02-6023-9850,37.483570913785,127.033071558227
서초동,서울특별시 서초구 반포대로 101,02-588-0110,37.489275636128,127.008410335799
서초중앙금융센터,서울특별시 서초구 효령로 285,02-582-4161,37.485140018370,127.015348541048
서판교,경기도 성남시 분당구 운중로 136,031-705-7744,37.391259581443,127.078053373149
서현역,경기도 성남시 분당구 황새울로 332,031-704-8908,37.385523288875,127.122332703478
선릉,서울특별시 강남구 테헤란로 329,02-558-2011,37.504530300371,127.047683294803
선릉중앙금융센터,서울특별시 강남구 테헤란로 410,02-569-0690,37.504550928170,127.050726658604
성남,경기도 성남시 수정구 수정로 150,031-751-8501,37.442057508291,127.136710937140
성남공단금융센터,경기도 성남시 중원구 둔촌대로 474,031-732-2112,37.431336663048,127.169281747389
성남중앙,경기도 성남시 수정구 산성대로 331,031-748-5050,37.443728303280,127.152789806011
성동,서울특별시 중구 왕십리로 407,02-2281-8292,37.564803488285,127.024650100248
성동구청,서울특별시 성동구 고산자로 270,02-6023-8700,37.563401043950,127.036910464630
성복역,경기도 용인시 수지구 성복2로 38,031-263-7115,37.312744330436,127.081776610251
성수동금융센터,서울특별시 성동구 아차산로7길 21,02-463-5300,37.547182426662,127.054795357986
세종로금융센터,서울특별시 종로구 새문안로3길 23,02-739-3900,37.572585685156,126.972440702471
소공동,서울특별시 중구 세종대로18길 16,02-757-5500,37.563506832040,126.978007690844
소공동롯데(점),서울특별시 중구 을지로 30,02-777-7575,37.565340875475,126.981029521858
송도국제도시,인천광역시 연수구 신송로 121,032-851-0242,37.395388513824,126.651875179264
송도금융센터,인천광역시 연수구 인천타워대로 54번길 3,032-834-8228,37.378352468838,126.645561229381
송파,서울특별시 송파구 송파대로 345,02-416-7500,37.499737056699,127.111564859129
송현동금융센터,인천광역시 동구 중봉대로 100,032-766-7700,37.487906162270,126.647301118704
수락산역,서울특별시 노원구 동일로 1673,02-937-1020,37.678003787477,127.054933345293
수원금융센터,경기도 수원시 팔달구 중부대로 2,031-252-4161,37.274945658322,127.016970035227
수원대학교,경기도 화성시 와우안길 17,031-222-1011,37.209289543620,126.977031615929
수원시청역,경기도 수원시 권선구 권광로 149,031-233-5091,37.261021802661,127.031088228343
수원역,경기도 수원시 팔달구 매산로 9,031-253-7700,37.267477479287,127.002784281182
수원중앙,경기도 수원시 팔달구 경수대로 472,031-235-0350,37.268038741230,127.027582192904
수지,경기도 용인시 수지구 풍덕천로 118,031-262-4161,37.322381781757,127.095199563768
수지동천(점),경기도 용인시 수지구 문인로54번길 2,031-261-5600,37.333548412838,127.097386044236
숙명여자대학교,서울특별시 용산구 청파로47가길 6,02-713-6851,37.544627156802,126.966706056363
스타시티금융센터,서울특별시 광진구 아차산로 272,02-2024-8910,37.538542473387,127.072968808450
시화MTV금융센터,경기도 시흥시 시화벤처로 214-8,031-503-3027,37.322938837742,126.702689656191
시화공단금융센터,경기도 시흥시 공단1대로 204,031-430-2000,37.337563822756,126.725112671117
시화금융센터,경기도 시흥시 중심상가2길 2,031-498-6200,37.345978835284,126.735616282431
시화스틸랜드금융센터,경기도 시흥시 오이도로 21,031-8041-4300,37.346152251883,126.701823302450
시화중앙금융센터,경기도 시흥시 공단1대로 341,031-434-9670,37.331246640091,126.737819966890
시흥,경기도 시흥시 비둘기공원7길 33,031-316-1003,37.443005617990,126.792758839788
시흥능곡,경기도 시흥시 장현능곡로 184,031-435-7667,37.369397866575,126.810661903608
시흥동,서울특별시 금천구 시흥대로 230,02-803-8701,37.454366598142,126.901114328717
신내동,서울특별시 중랑구 봉화산로 194,02-439-2455,37.606436598688,127.094696170333
신당동,서울특별시 중구 다산로 220,02-2238-4191,37.562702217322,127.015503258249
신림동,서울특별시 관악구 신원로 26,02-830-4300,37.480501430413,126.929328818536
신사동금융센터,서울특별시 강남구 강남대로 606,02-546-4300,37.515859336160,127.020015730171
신영통,경기도 화성시 영통로 59,031-273-5151,37.235116428571,127.061890611542
신월동,서울특별시 양천구 신월로 163,02-2695-8001,37.517908711201,126.841209112573
신촌,서울특별시 마포구 신촌로 94,02-393-3929,37.554994179184,126.935995771158
신한프리미어 패밀리오피스 반포센터,서울특별시 서초구 반포대로 235,02-3482-4700,37.500574856967,127.003188640951
신한프리미어 패밀리오피스 서울센터,서울특별시 중구 세종대로 39,02-6050-8000,37.560711869388,126.973769916726
신한프리미어 패밀리오피스 청담센터,서울특별시 강남구 압구정로56길 6,02-3444-6767,37.527539332877,127.040006909588
쌍문역,서울특별시 도봉구 도봉로 468,02-993-6776,37.647323974169,127.034338135659
안산금융센터,경기도 안산시 단원구 당곡로 17,031-403-2202,37.318607823946,126.833088659037
안산법원,경기도 안산시 단원구 광덕서로 75,031-401-0895,37.311917504585,126.826354172482
안산스마트금융센터,경기도 안산시 단원구 광덕4로 140,031-402-5500,37.315125258040,126.827736236850
안산외국인중심영업점,"경기도 안산시 단원구 다문화1길 882층,3층",031-504-8010,37.328668957982,126.790016825128
안성금융센터,경기도 안성시 중앙로 360,031-674-1541,37.007853399168,127.266655009395
안양금융센터,경기도 안양시 만안구 안양로 290,031-449-4161,37.398271534382,126.922225072482
안양법원,경기도 안양시 동안구 관평로212번길 70,031-382-7766,37.396452668023,126.962775409405
안양비산동,경기도 안양시 동안구 관악대로 133,031-465-1300,37.399405281438,126.938655249862
안중금융센터,경기도 평택시 안중로 140,031-681-8020,36.988776225735,126.932011958546
압구정갤러리아,서울특별시 강남구 압구정로 344,02-544-9953,37.527700955644,127.039847471070
압구정역금융센터,서울특별시 강남구 압구정로 152,02-3443-8200,37.525610159751,127.026256972095
압구정중앙금융센터,서울특별시 강남구 압구정로 220,02-543-0501,37.528362188488,127.031502284285
야탑역,경기도 성남시 분당구 성남대로 912,031-709-2800,37.410964035135,127.129256232256
양재동금융센터,서울특별시 서초구 논현로 87,02-589-0800,37.477557231985,127.044204094691
양재역금융센터,서울특별시 강남구 강남대로 240,02-3462-0101,37.485261640639,127.034384442373
양주금융센터,경기도 양주시 옥정로 214,031-865-0266,37.820700501183,127.092129816745
양천향교역,서울특별시 강서구 양천로 344,02-2659-9226,37.568297564319,126.840255996884
여의도금융센터,서울특별시 영등포구 국제금융로8길 25,02-780-0505,37.520319143753,126.928471192131
여의도중앙금융센터,서울특별시 영등포구 여의나루로 57,02-761-9000,37.523055155208,126.925768234862
역삼동금융센터,서울특별시 강남구 강남대로 314,02-553-5560,37.491316289748,127.031473592338
역촌동,서울특별시 은평구 연서로 73,02-382-5880,37.605637781502,126.915039559527
연수구청,인천광역시 연수구 원인재로 115,032-821-3820,37.409825718986,126.678322983762
연수동,인천광역시 연수구 청능대로 103,032-812-2600,37.413704101565,126.676099681067
연신내,서울특별시 은평구 통일로 845,02-354-5500,37.618565486239,126.921034516425
연지동,서울특별시 종로구 김상옥로 30,02-708-4221,37.572925553919,127.000851205255
영동금융센터,서울특별시 강남구 언주로 709,02-547-5500,37.516784282123,127.034924189141
영등포금융센터,서울특별시 영등포구 영중로 27,02-2678-0081,37.518743624583,126.905115330839
영업부,서울특별시 중구 세종대로9길 20,02-2151-5050,37.561112030180,126.974571006686
영통,경기도 수원시 영통구 봉영로1744번길 11,031-204-5500,37.265960043836,127.083761060111
영통중앙금융센터,경기도 수원시 영통구 덕영대로 1478,031-203-8899,37.245149631508,127.052417755437
영화동,경기도 수원시 장안구 정조로 928,031-243-0090,37.290605281276,127.013169461878
오금동,서울특별시 송파구 오금로35길 17,02-407-1411,37.505769731318,127.126332699368
오류동,서울특별시 구로구 경인로 212,02-2612-8600,37.496060270075,126.844500770892
오산금융센터,경기도 오산시 원동로 30-7,031-378-6055,37.141686951529,127.072135977587
올림픽선수촌(점),서울특별시 송파구 양재대로 1222,02-403-5700,37.515971999443,127.131713437084
용산금융센터,서울특별시 용산구 한강대로 95,02-798-8571,37.529124982266,126.966940940982
용산전자,서울특별시 용산구 원효로 153,02-718-8051,37.534960912872,126.959927122846
용인금융센터,경기도 용인시 처인구 중부대로 1360,031-336-2031,37.234228475043,127.195566678761
용인동백,경기도 용인시 기흥구 동백중앙로 283,031-282-0273,37.277695756556,127.153576445408
운정,경기도 파주시 경의로 1074,031-945-0718,37.713159906046,126.759894797542
운정중앙,경기도 파주시 청석로 122,031-946-1091,37.713441920141,126.721124049510
원당,경기도 고양시 덕양구 호국로 798,031-965-9955,37.657043384810,126.837124720503
월계동 디지털 출장소,서울특별시 노원구 마들로 111,02-979-0055,37.624449563411,127.065463189631
위례,경기도 성남시 수정구 위례광장로 300,02-458-8590,37.473470396172,127.142688658855
은평구청,서울특별시 은평구 은평로 195,02-6356-0025,37.602517432518,126.929417640798
을지로5가,서울특별시 중구 을지로 213,02-2265-1651,37.567044370716,127.001943538840
응암동,서울특별시 은평구 은평로 136,02-358-6200,37.600269047579,126.923022877676
의정부금융센터,경기도 의정부시 행복로 8,031-845-1800,37.739495177832,127.048561427645
의정부법원,경기도 의정부시 녹양로34번길 23,031-879-1342,37.754859331075,127.033801185645
이대서울병원,서울특별시 강서구 공항대로 260,02-6737-1005,37.557243036170,126.836311543010
이수역,서울특별시 서초구 서초대로 6,02-536-2100,37.485165129911,126.982998527274
이천금융센터,경기도 이천시 영창로 202,031-637-7500,37.280713864997,127.445165093025
이태원,서울특별시 용산구 이태원로 179,02-793-7011,37.534751516050,126.994054249278
이화여자대학교,서울특별시 서대문구 이화여대길 52,02-313-3155,37.560739735475,126.946357863546
인덕원,경기도 안양시 동안구 흥안대로427번길 16,031-425-5240,37.392995718232,126.973758421281
인천공항운서역,인천광역시 중구 신도시남로142번길 6,032-245-6100,37.493629401074,126.491648943718
인천금융센터,인천광역시 남구 경인로 391,032-427-5300,37.458571461886,126.683612978149
인천논현역,인천광역시 남동구 논고개로 121,032-421-5533,37.401921482947,126.723772519098
인천동구청,인천광역시 동구 금곡로 67,032-761-7990,37.473554232875,126.643211955322
인천시청금융센터,인천광역시 남동구 정각로 29,032-423-6611,37.455988084115,126.705281818849
인천영업부금융센터,인천광역시 남동구 남동대로 776,032-469-8477,37.451709204812,126.708345775217
인천중구청,인천광역시 중구 신포로27번길 80,032-765-4600,37.473747633082,126.621677051289
인천중앙금융센터,인천광역시 중구 신포로 28,032-762-6707,37.471422677056,126.625390937686
일산금융센터,경기도 고양시 일산동구 중앙로 1311,031-904-0506,37.662472647457,126.770489044012
일산위시티,경기도 고양시 일산동구 위시티로 81,031-962-1941,37.679248196722,126.811286434180
일산중앙,경기도 고양시 일산서구 중앙로 1442,031-918-6721,37.670811243331,126.760576395210
일산탄현,경기도 고양시 일산서구 일현로 65,031-919-7302,37.692640706594,126.763376765566
일원역,서울특별시 강남구 일원로 120,02-3411-7121,37.484369309851,127.082631574808
자양동,서울특별시 광진구 자양로 95,02-2201-9004,37.536262795846,127.083270673746
잠실금융센터,서울특별시 송파구 올림픽로 319,02-415-5501,37.515625836134,127.105462527380
잠실나루역,서울특별시 송파구 올림픽로37길 130,02-3431-6161,37.520859456368,127.104484379627
잠실남,서울특별시 송파구 석촌호수로 133,02-416-8011,37.507638367555,127.091779998847
잠실롯데캐슬,서울특별시 송파구 올림픽로 269,02-418-0545,37.514455688141,127.100580348976
잠원동,서울특별시 서초구 잠원로14길 29,02-534-7141,37.517850733011,127.015453911915
장안동,서울특별시 동대문구 장한로 119,02-2243-5581,37.571413611246,127.070165305567
장한평역금융센터,서울특별시 동대문구 천호대로 425,02-2213-9106,37.561583249277,127.066156935666
제기동역,서울특별시 동대문구 왕산로 137,02-967-8891,37.578559744633,127.038707916471
종각역금융센터,서울특별시 종로구 종로 33,02-755-8201,37.570643567665,126.981660848249
종로,서울특별시 종로구 우정국로 48,02-739-5500,37.573300593584,126.983273153223
종로중앙금융센터,서울특별시 종로구 돈화문로 26,02-2267-6151,37.571060387848,126.992540429302
주안공단금융센터,인천광역시 미추홀구 방축로 312,032-582-1112,37.474383719248,126.677492303248
주안남,인천광역시 미추홀구 인하로 280,032-865-8005,37.447849838884,126.679049103308
죽전,경기도 용인시 기흥구 보정로 115,031-896-3820,37.319834490946,127.115201359732
중계동,서울특별시 노원구 한글비석로 254,02-938-0053,37.650387328930,127.077101731298
중앙유통단지,서울특별시 구로구 경인로53길 15,02-2625-8650,37.502018329942,126.876149414060
중화역,서울특별시 중랑구 동일로 796,02-496-0676,37.601427198119,127.079826037910
창신동금융센터,서울특별시 종로구 지봉로 29,02-3672-5200,37.572525998193,127.015281082997
철산동,경기도 광명시 철산로 36,02-2687-0505,37.476378560870,126.870063084289
청담동,서울특별시 강남구 도산대로 506,02-515-9957,37.523965667401,127.048233686027
청라국제도시,인천광역시 서구 중봉대로 588,032-569-6525,37.532047972582,126.650250786527
충무로역,서울특별시 중구 퇴계로 216,02-2274-0922,37.561285187415,126.995675171782
충정로금융센터,서울특별시 서대문구 충정로 8,02-313-6354,37.559672760470,126.963190801946
태릉역,서울특별시 노원구 동일로 1018,02-971-5000,37.620968257827,127.074775456555
테헤란로금융센터,서울특별시 강남구 테헤란로 429,02-554-6800,37.506437889106,127.053928631121
파이낸스센터,서울특별시 중구 세종대로 136,02-3783-0030,37.568436897132,126.977939316346
파주금융센터,경기도 파주시 평화로 2,031-945-4991,37.758274225330,126.773522607893
판교금융센터,경기도 성남시 분당구 분당내곡로 117,031-781-2001,37.394224738104,127.112166486860
판교테크노밸리금융센터,경기도 성남시 분당구 판교역로 231,031-8017-9780,37.401281553454,127.109136002718
팔탄금융센터,경기도 화성시 푸른들판로 658,031-8059-0293,37.167349320642,126.895964045940
평촌,경기도 안양시 동안구 동안로 126,031-387-0505,37.389895470278,126.952033773894
평촌역금융센터,경기도 안양시 동안구 시민대로 278,031-386-9321,37.394391285034,126.961400534133
평택고덕금융센터,경기도 평택시 고덕여염9길 37,031-662-9178,37.040530131548,127.050405741791
평택금융센터,경기도 평택시 중앙로 52,031-652-8020,36.994254762411,127.088853929341
평택법원,경기도 평택시 평남로 1036,031-656-9140,37.010525646168,127.096724541546
포천금융센터,경기도 포천시 소흘읍 솔모루로92번길 14,031-542-3810,37.828535317830,127.148824144055
하계동,서울특별시 노원구 섬밭로 209,02-979-0255,37.634923954778,127.065685545962
하남,경기도 하남시 대청로116번길 59,031-794-0044,37.536679375174,127.225638388205
하안동,경기도 광명시 범안로 1064,02-895-0544,37.462878988759,126.880816920412
학동금융센터,서울특별시 강남구 도산대로 221,02-545-0506,37.521013722004,127.030891875371
한남동금융센터,서울특별시 용산구 한남대로 59,02-798-8311,37.533984795873,127.006702201669
한양대학교,서울특별시 성동구 마조로 22-2,02-2292-7537,37.559479433615,127.041339142802
합정역금융센터,서울특별시 마포구 양화로 19,02-3142-5700,37.549131789045,126.911247482406
행당동,서울특별시 성동구 고산자로 202,02-2293-9995,37.558253635313,127.034440118513
행신,경기도 고양시 덕양구 무원로 65,031-970-5300,37.618780721032,126.832116227054
향남금융센터,경기도 화성시 발안로 107,031-354-4040,37.131713160242,126.922377847995
현대계동,서울특별시 종로구 율곡로 75,02-742-0080,37.578112892263,126.987203710787
호평,경기도 남양주시 늘을2로14번길 3,031-593-1616,37.654094599733,127.244105391632
홍익대학교,서울특별시 마포구 와우산로 94,02-6023-3950,37.550806938403,126.925611989721
홍제동,서울특별시 서대문구 통일로 433,02-396-6660,37.587584852792,126.945094383735
화곡역,서울특별시 강서구 강서로 173,02-2692-7022,37.541911690561,126.839616968212
화도금융센터,경기도 남양주시 마석중앙로 56-6,031-593-1300,37.652454706027,127.305815880760
화서동,경기도 수원시 팔달구 일월로22번길 18,031-298-4477,37.285067431811,126.980580154640
화정역금융센터,경기도 고양시 덕양구 화신로272번길 67,031-963-8413,37.633829756893,126.831550879379
효자동,서울특별시 종로구 자하문로 61,02-739-9988,37.581302621032,126.970635047746
후곡마을,경기도 고양시 일산서구 일산로 566,031-911-3984,37.679008234975,126.765541510749
